<?xml version="1.0" encoding="UTF-8" standalone="yes"?>
<addon id="repository.supmagc" name="supmagc's Kodi Repo" version="1.1.2" provider-name="supmagc">
	<extension point="xbmc.addon.repository" name="supmagc's Kodi Repo">
		<info compressed="false">http://repo-kodi.tomo-design.be/addons.xml</info>
		<checksum>http://repo-kodi.tomo-design.be/addons.xml.md5</checksum>
		<datadir zip="false">http://repo-kodi.tomo-design.be/</datadir>
	</extension>
	<extension point="xbmc.addon.metadata">
		<summary>Add-ons and updates from supmagc's Kodi Repo</summary>
		<description>Add-ons and updates from supmagc's Kodi Repo</description>
		<disclaimer></disclaimer>
		<platform>all</platform>
	</extension>
</addon>
